Links,DocumentID,From_PDF
https://www.bbc.com,https://www.bbc.com/news/technology-53425822,threat-report-24th-march-2023.pdf
#main-heading,https://www.bbc.com/news/technology-53425822,threat-report-24th-march-2023.pdf
https://www.bbc.co.uk/accessibility/,https://www.bbc.com/news/technology-53425822,threat-report-24th-march-2023.pdf
https://account.bbc.com/account?lang=en-GB&ptrt=https://www.bbc.com/news/technology-53425822,https://www.bbc.com/news/technology-53425822,threat-report-24th-march-2023.pdf
https://www.bbc.com,https://www.bbc.com/news/technology-53425822,threat-report-24th-march-2023.pdf
https://www.bbc.com/news,https://www.bbc.com/news/technology-53425822,threat-report-24th-march-2023.pdf
https://www.bbc.com/sport,https://www.bbc.com/news/technology-53425822,threat-report-24th-march-2023.pdf
https://www.bbc.com/future/earth,https://www.bbc.com/news/technology-53425822,threat-report-24th-march-2023.pdf
https://www.bbc.com/reel,https://www.bbc.com/news/technology-53425822,threat-report-24th-march-2023.pdf
https://www.bbc.com/worklife,https://www.bbc.com/news/technology-53425822,threat-report-24th-march-2023.pdf
https://www.bbc.com/travel,https://www.bbc.com/news/technology-53425822,threat-report-24th-march-2023.pdf
#chameleon-global-navigation-more-menu,https://www.bbc.com/news/technology-53425822,threat-report-24th-march-2023.pdf
#chameleon-global-navigation-more-menu,https://www.bbc.com/news/technology-53425822,threat-report-24th-march-2023.pdf
https://www.bbc.co.uk/search?d=NEWS_GNL,https://www.bbc.com/news/technology-53425822,threat-report-24th-march-2023.pdf
https://www.bbc.com,https://www.bbc.com/news/technology-53425822,threat-report-24th-march-2023.pdf
https://www.bbc.com/news,https://www.bbc.com/news/technology-53425822,threat-report-24th-march-2023.pdf
https://www.bbc.com/sport,https://www.bbc.com/news/technology-53425822,threat-report-24th-march-2023.pdf
https://www.bbc.com/future/earth,https://www.bbc.com/news/technology-53425822,threat-report-24th-march-2023.pdf
https://www.bbc.com/reel,https://www.bbc.com/news/technology-53425822,threat-report-24th-march-2023.pdf
https://www.bbc.com/worklife,https://www.bbc.com/news/technology-53425822,threat-report-24th-march-2023.pdf
https://www.bbc.com/travel,https://www.bbc.com/news/technology-53425822,threat-report-24th-march-2023.pdf
https://www.bbc.com/culture,https://www.bbc.com/news/technology-53425822,threat-report-24th-march-2023.pdf
https://www.bbc.com/future,https://www.bbc.com/news/technology-53425822,threat-report-24th-march-2023.pdf
https://www.bbc.com/culture/music,https://www.bbc.com/news/technology-53425822,threat-report-24th-march-2023.pdf
https://www.bbc.co.uk/schedules/p00fzl9m,https://www.bbc.com/news/technology-53425822,threat-report-24th-march-2023.pdf
https://www.bbc.com/weather,https://www.bbc.com/news/technology-53425822,threat-report-24th-march-2023.pdf
https://www.bbc.co.uk/sounds,https://www.bbc.com/news/technology-53425822,threat-report-24th-march-2023.pdf
#more-menu-button,https://www.bbc.com/news/technology-53425822,threat-report-24th-march-2023.pdf
/news,https://www.bbc.com/news/technology-53425822,threat-report-24th-march-2023.pdf
#product-navigation-menu,https://www.bbc.com/news/technology-53425822,threat-report-24th-march-2023.pdf
/news,https://www.bbc.com/news/technology-53425822,threat-report-24th-march-2023.pdf
/news/topics/c2vdnvdg6xxt,https://www.bbc.com/news/technology-53425822,threat-report-24th-march-2023.pdf
/news/world-60525350,https://www.bbc.com/news/technology-53425822,threat-report-24th-march-2023.pdf
/news/topics/cmj34zmwm1zt,https://www.bbc.com/news/technology-53425822,threat-report-24th-march-2023.pdf
/news/av/10462520,https://www.bbc.com/news/technology-53425822,threat-report-24th-march-2023.pdf
/news/world,https://www.bbc.com/news/technology-53425822,threat-report-24th-march-2023.pdf
/news/uk,https://www.bbc.com/news/technology-53425822,threat-report-24th-march-2023.pdf
/news/business,https://www.bbc.com/news/technology-53425822,threat-report-24th-march-2023.pdf
/news/technology,https://www.bbc.com/news/technology-53425822,threat-report-24th-march-2023.pdf
/news/science_and_environment,https://www.bbc.com/news/technology-53425822,threat-report-24th-march-2023.pdf
#product-navigation-more-menu,https://www.bbc.com/news/technology-53425822,threat-report-24th-march-2023.pdf
/news/entertainment_and_arts,https://www.bbc.com/news/technology-53425822,threat-report-24th-march-2023.pdf
/news/health,https://www.bbc.com/news/technology-53425822,threat-report-24th-march-2023.pdf
/news/world_radio_and_tv,https://www.bbc.com/news/technology-53425822,threat-report-24th-march-2023.pdf
/news/in_pictures,https://www.bbc.com/news/technology-53425822,threat-report-24th-march-2023.pdf
/news/reality_check,https://www.bbc.com/news/technology-53425822,threat-report-24th-march-2023.pdf
/news/newsbeat,https://www.bbc.com/news/technology-53425822,threat-report-24th-march-2023.pdf
/news/technology,https://www.bbc.com/news/technology-53425822,threat-report-24th-march-2023.pdf
https://www.bbc.co.uk/usingthebbc/terms/can-i-share-things-from-the-bbc,https://www.bbc.com/news/technology-53425822,threat-report-24th-march-2023.pdf
https://twitter.com/TwitterSupport/status/1283591846464233474,https://www.bbc.com/news/technology-53425822,threat-report-24th-march-2023.pdf
https://twitter.com/jack/status/1283571658339397632,https://www.bbc.com/news/technology-53425822,threat-report-24th-march-2023.pdf
https://www.ncsc.gov.uk/news/ncsc-statement-cyber-attack-on-twitter,https://www.bbc.com/news/technology-53425822,threat-report-24th-march-2023.pdf
https://www.commerce.senate.gov/services/files/52B17AD0-58C4-4F01-AEBB-A0F260E533B3,https://www.bbc.com/news/technology-53425822,threat-report-24th-march-2023.pdf
https://twitter.com/jack/status/1283571658339397632,https://www.bbc.com/news/technology-53425822,threat-report-24th-march-2023.pdf
#end-of-twitter-content-1,https://www.bbc.com/news/technology-53425822,threat-report-24th-march-2023.pdf
https://help.twitter.com/en/rules-and-policies/twitter-cookies,https://www.bbc.com/news/technology-53425822,threat-report-24th-march-2023.pdf
https://twitter.com/en/privacy,https://www.bbc.com/news/technology-53425822,threat-report-24th-march-2023.pdf
https://www.bbc.co.uk/news/technology-53428304,https://www.bbc.com/news/technology-53425822,threat-report-24th-march-2023.pdf
https://www.bbc.co.uk/news/technology-53433894,https://www.bbc.com/news/technology-53425822,threat-report-24th-march-2023.pdf
https://www.bbc.co.uk/news/business-42150512,https://www.bbc.com/news/technology-53425822,threat-report-24th-march-2023.pdf
https://twitter.com/winklevoss/status/1283498778960568320,https://www.bbc.com/news/technology-53425822,threat-report-24th-march-2023.pdf
#end-of-twitter-content-2,https://www.bbc.com/news/technology-53425822,threat-report-24th-march-2023.pdf
https://help.twitter.com/en/rules-and-policies/twitter-cookies,https://www.bbc.com/news/technology-53425822,threat-report-24th-march-2023.pdf
https://twitter.com/en/privacy,https://www.bbc.com/news/technology-53425822,threat-report-24th-march-2023.pdf
https://www.kcl.ac.uk/csss/assets/10957%E2%80%A2twitterconflictreport-15july.pdf,https://www.bbc.com/news/technology-53425822,threat-report-24th-march-2023.pdf
/news/technology-53428304,https://www.bbc.com/news/technology-53425822,threat-report-24th-march-2023.pdf
/news/technology-53433894,https://www.bbc.com/news/technology-53425822,threat-report-24th-march-2023.pdf
/news/technology-51424352,https://www.bbc.com/news/technology-53425822,threat-report-24th-march-2023.pdf
/news/technology-49532244,https://www.bbc.com/news/technology-53425822,threat-report-24th-march-2023.pdf
/news/live/world-middle-east-67978584,https://www.bbc.com/news/technology-53425822,threat-report-24th-march-2023.pdf
/news/world-europe-67978739,https://www.bbc.com/news/technology-53425822,threat-report-24th-march-2023.pdf
/news/world-middle-east-67958260,https://www.bbc.com/news/technology-53425822,threat-report-24th-march-2023.pdf
https://www.bbc.co.uk/news/world-middle-east-67958260,https://www.bbc.com/news/technology-53425822,threat-report-24th-march-2023.pdf
/news/world-us-canada-67977977,https://www.bbc.com/news/technology-53425822,threat-report-24th-march-2023.pdf
/news/entertainment-arts-67895725,https://www.bbc.com/news/technology-53425822,threat-report-24th-march-2023.pdf
/news/world-europe-67979999,https://www.bbc.com/news/technology-53425822,threat-report-24th-march-2023.pdf
/news/world-europe-67976889,https://www.bbc.com/news/technology-53425822,threat-report-24th-march-2023.pdf
/news/entertainment-arts-67911336,https://www.bbc.com/news/technology-53425822,threat-report-24th-march-2023.pdf
/news/entertainment-arts-67950097,https://www.bbc.com/news/technology-53425822,threat-report-24th-march-2023.pdf
/news/business-67956244,https://www.bbc.com/news/technology-53425822,threat-report-24th-march-2023.pdf
/news/uk-scotland-edinburgh-east-fife-67916458,https://www.bbc.com/news/technology-53425822,threat-report-24th-march-2023.pdf
https://www.bbc.com/worklife/article/20240109-the-human-touch-ai-virtual-assistants-cant-replace,https://www.bbc.com/news/technology-53425822,threat-report-24th-march-2023.pdf
https://www.bbc.com/future/article/20240102-the-qualities-that-are-more-attractive-than-our-looks,https://www.bbc.com/news/technology-53425822,threat-report-24th-march-2023.pdf
https://www.bbc.com/culture/article/20240109-star-trek-the-deep-space-nine-episode-that-predicted-a-us-crisis,https://www.bbc.com/news/technology-53425822,threat-report-24th-march-2023.pdf
/news/world-europe-67978739,https://www.bbc.com/news/technology-53425822,threat-report-24th-march-2023.pdf
/news/world-middle-east-67958260,https://www.bbc.com/news/technology-53425822,threat-report-24th-march-2023.pdf
/news/uk-67950947,https://www.bbc.com/news/technology-53425822,threat-report-24th-march-2023.pdf
/news/world-europe-67979999,https://www.bbc.com/news/technology-53425822,threat-report-24th-march-2023.pdf
/news/uk-england-merseyside-67980714,https://www.bbc.com/news/technology-53425822,threat-report-24th-march-2023.pdf
/news/world-67982380,https://www.bbc.com/news/technology-53425822,threat-report-24th-march-2023.pdf
/news/world-europe-67983840,https://www.bbc.com/news/technology-53425822,threat-report-24th-march-2023.pdf
/news/world-middle-east-67983624,https://www.bbc.com/news/technology-53425822,threat-report-24th-march-2023.pdf
/news/world-europe-67978736,https://www.bbc.com/news/technology-53425822,threat-report-24th-march-2023.pdf
/news/world-europe-67977591,https://www.bbc.com/news/technology-53425822,threat-report-24th-march-2023.pdf
https://www.bbc.co.uk/news/10628994,https://www.bbc.com/news/technology-53425822,threat-report-24th-march-2023.pdf
https://www.bbc.co.uk/news/help-50068132,https://www.bbc.com/news/technology-53425822,threat-report-24th-march-2023.pdf
https://www.bbc.co.uk/news/10628323,https://www.bbc.com/news/technology-53425822,threat-report-24th-march-2023.pdf
https://www.bbc.co.uk/news/20039682,https://www.bbc.com/news/technology-53425822,threat-report-24th-march-2023.pdf
https://www.bbc.com,https://www.bbc.com/news/technology-53425822,threat-report-24th-march-2023.pdf
https://www.bbc.com/news,https://www.bbc.com/news/technology-53425822,threat-report-24th-march-2023.pdf
https://www.bbc.com/sport,https://www.bbc.com/news/technology-53425822,threat-report-24th-march-2023.pdf
https://www.bbc.com/future/earth,https://www.bbc.com/news/technology-53425822,threat-report-24th-march-2023.pdf
https://www.bbc.com/reel,https://www.bbc.com/news/technology-53425822,threat-report-24th-march-2023.pdf
https://www.bbc.com/worklife,https://www.bbc.com/news/technology-53425822,threat-report-24th-march-2023.pdf
https://www.bbc.com/travel,https://www.bbc.com/news/technology-53425822,threat-report-24th-march-2023.pdf
https://www.bbc.com/culture,https://www.bbc.com/news/technology-53425822,threat-report-24th-march-2023.pdf
https://www.bbc.com/future,https://www.bbc.com/news/technology-53425822,threat-report-24th-march-2023.pdf
https://www.bbc.com/culture/music,https://www.bbc.com/news/technology-53425822,threat-report-24th-march-2023.pdf
https://www.bbc.co.uk/schedules/p00fzl9m,https://www.bbc.com/news/technology-53425822,threat-report-24th-march-2023.pdf
https://www.bbc.com/weather,https://www.bbc.com/news/technology-53425822,threat-report-24th-march-2023.pdf
https://www.bbc.co.uk/sounds,https://www.bbc.com/news/technology-53425822,threat-report-24th-march-2023.pdf
https://www.bbc.co.uk/usingthebbc/terms,https://www.bbc.com/news/technology-53425822,threat-report-24th-march-2023.pdf
https://www.bbc.co.uk/aboutthebbc,https://www.bbc.com/news/technology-53425822,threat-report-24th-march-2023.pdf
https://www.bbc.com/usingthebbc/privacy,https://www.bbc.com/news/technology-53425822,threat-report-24th-march-2023.pdf
https://www.bbc.com/usingthebbc/cookies,https://www.bbc.com/news/technology-53425822,threat-report-24th-march-2023.pdf
https://www.bbc.co.uk/accessibility,https://www.bbc.com/news/technology-53425822,threat-report-24th-march-2023.pdf
https://www.bbc.co.uk/iplayer/guidance,https://www.bbc.com/news/technology-53425822,threat-report-24th-march-2023.pdf
https://www.bbc.co.uk/contact,https://www.bbc.com/news/technology-53425822,threat-report-24th-march-2023.pdf
https://www.bbc.co.uk/bbcnewsletter,https://www.bbc.com/news/technology-53425822,threat-report-24th-march-2023.pdf
https://www.bbc.co.uk/news/help-41670342,https://www.bbc.com/news/technology-53425822,threat-report-24th-march-2023.pdf
https://www.bbcglobalnews.com/home/,https://www.bbc.com/news/technology-53425822,threat-report-24th-march-2023.pdf
https://www.bbc.co.uk/editorialguidelines/guidance/feeds-and-links,https://www.bbc.com/news/technology-53425822,threat-report-24th-march-2023.pdf
